POS,ALT
598,A
1371,A
1702,A
1951,A
2094,A
2179,A
2215,A
2488,A
2532,A
3812,A
3904,A
3936,A
4014,A
4598,A
4782,A
4943,A
4952,A
5102,A
5461,A
5607,A
6777,A
6817,A
7058,A
7220,A
7664,A
8906,A
8910,A
9144,A
10943,A
11053,A
11115,A
11765,A
13059,A
14179,A
15511,A
15701,A
135,T
949,T
1682,T
1798,T
2324,T
3241,T
3431,T
3685,T
3929,T
4179,T
4485,T
4650,T
4660,T
4765,T
4997,T
5187,T
5326,T
5350,T
5409,T
5805,T
5894,T
6865,T
7008,T
7010,T
7229,T
7454,T
9097,T
9124,T
9156,T
10649,T
10955,T
11075,T
12147,T
12909,T
15257,T
50,G
97,G
815,G
1872,G
2465,G
2699,G
4666,G
4824,G
5024,G
5050,G
5177,G
6723,G
8161,G
8176,G
9073,G
9140,G
9332,G
14359,G
584,C
653,C
851,C
1458,C
1720,C
2125,C
2722,C
3740,C
3793,C
3809,C
3874,C
4131,C
4143,C
4318,C
4450,C
4544,C
4622,C
4661,C
4754,C
4897,C
4930,C
5148,C
5249,C
5256,C
5320,C
5342,C
5347,C
5391,C
5640,C
5642,C
6235,C
6331,C
6794,C
7017,C
7106,C
7114,C
7195,C
8785,C
8897,C
9131,C
9233,C
9926,C
11108,C
11123,C
11124,C
11125,C
15622,C
